Real Time,Sim Time
6.699562072753906e-05,0.0
0.05997800827026367,0.05000000000001137
0.13714909553527832,0.10000000000002274
0.19709300994873047,0.15100000000001046
0.2705240249633789,0.20100000000002183
0.3352670669555664,0.25200000000000955
0.409182071685791,0.3020000000000209
0.486799955368042,0.35300000000000864
0.552800178527832,0.40300000000002
0.6041619777679443,0.45400000000000773
0.6735470294952393,0.5040000000000191
0.7346420288085938,0.5550000000000068
0.8004209995269775,0.6050000000000182
0.8683161735534668,0.6560000000000059
0.929577112197876,0.7060000000000173
1.0055999755859375,0.757000000000005
1.0670239925384521,0.8070000000000164
1.1367151737213135,0.8580000000000041
1.2107291221618652,0.9080000000000155
1.2684471607208252,0.9590000000000032
1.3348991870880127,1.0090000000000146
1.4033350944519043,1.0600000000000023
1.4631991386413574,1.1100000000000136
1.5351290702819824,1.1610000000000014
1.5852470397949219,1.2110000000000127
1.6431660652160645,1.2620000000000005
1.7170851230621338,1.3120000000000118
1.7862739562988281,1.3620000000000232
1.8496949672698975,1.4150000000000205
1.9193830490112305,1.4660000000000082
1.9868190288543701,1.5160000000000196
2.0502591133117676,1.5670000000000073
2.119845151901245,1.6170000000000186
2.180669069290161,1.6680000000000064
2.244469165802002,1.7180000000000177
2.30846905708313,1.7690000000000055
2.3678641319274902,1.8190000000000168
2.426192045211792,1.8700000000000045
2.490211009979248,1.920000000000016
2.5606679916381836,1.9710000000000036
2.6146819591522217,2.021000000000015
2.668764114379883,2.0720000000000027
2.751890182495117,2.122000000000014
2.8238470554351807,2.173000000000002
2.888244152069092,2.223000000000013
2.9580740928649902,2.274000000000001
3.018563985824585,2.3240000000000123
3.090846061706543,2.3740000000000236
3.1557211875915527,2.4250000000000114
3.2116761207580566,2.4750000000000227
3.2721359729766846,2.5260000000000105
3.3301479816436768,2.576000000000022
3.402405023574829,2.6270000000000095
3.461409091949463,2.677000000000021
3.5294761657714844,2.7280000000000086
3.58943510055542,2.77800000000002
3.654527187347412,2.8290000000000077
3.7164649963378906,2.879000000000019
3.7824440002441406,2.930000000000007
3.8485591411590576,2.980000000000018
3.9092750549316406,3.031000000000006
3.9743571281433105,3.0810000000000173
4.040719032287598,3.132000000000005
4.096855163574219,3.1820000000000164
4.160907983779907,3.233000000000004
4.225901126861572,3.2830000000000155
4.290513038635254,3.334000000000003
4.3558571338653564,3.3840000000000146
4.416892051696777,3.4350000000000023
4.470436096191406,3.4850000000000136
4.538328170776367,3.5360000000000014
4.598714113235474,3.5860000000000127
4.666033029556274,3.6370000000000005
4.72380805015564,3.687000000000012
4.786110162734985,3.737000000000023
4.845411062240601,3.788000000000011
4.916506052017212,3.8380000000000223
4.989663124084473,3.88900000000001
5.046265125274658,3.9390000000000214
5.118585109710693,3.990000000000009
5.181535959243774,4.0400000000000205
5.243411064147949,4.091000000000008
5.306988954544067,4.1410000000000196
5.36962103843689,4.192000000000007
5.433597087860107,4.242000000000019
5.504575967788696,4.293000000000006
5.57160496711731,4.343000000000018
5.635699033737183,4.3940000000000055
5.700719118118286,4.444000000000017
5.768750190734863,4.4950000000000045
5.8187761306762695,4.545000000000016
5.869850158691406,4.596000000000004
5.918877124786377,4.646000000000015
5.980242013931274,4.697000000000003
6.06697416305542,4.747000000000014
6.128888130187988,4.798000000000002
6.190754175186157,4.848000000000013
6.250164985656738,4.899000000000001
6.311796188354492,4.949000000000012
6.37414813041687,4.999000000000024
6.438522100448608,5.050000000000011
6.503232955932617,5.100000000000023
6.573300123214722,5.1510000000000105
6.62735915184021,5.201000000000022
6.701143980026245,5.2520000000000095
6.759428024291992,5.302999999999997
6.822479963302612,5.353000000000009
6.875630140304565,5.40300000000002
6.940540075302124,5.454000000000008
6.999894142150879,5.504000000000019
7.067676067352295,5.555000000000007
7.118951082229614,5.605000000000018
7.18190598487854,5.656000000000006
7.2467451095581055,5.706000000000017
7.314136028289795,5.757000000000005
7.3809590339660645,5.807000000000016
7.44995903968811,5.858000000000004
7.517925024032593,5.9080000000000155
7.585679054260254,5.959000000000003
7.649574041366577,6.0090000000000146
7.7087180614471436,6.060000000000002
7.768093109130859,6.110000000000014
7.829128980636597,6.161000000000001
7.897219181060791,6.211000000000013
7.962216138839722,6.2620000000000005
8.024878025054932,6.312000000000012
8.078330039978027,6.362000000000023
8.140913009643555,6.413000000000011
8.210792064666748,6.463000000000022
8.287573099136353,6.51400000000001
8.36055302619934,6.564000000000021
8.428894996643066,6.615000000000009
8.486595153808594,6.6650000000000205
8.546296119689941,6.716000000000008
8.626988172531128,6.7660000000000196
8.69673204421997,6.817000000000007
8.765153169631958,6.867000000000019
8.831806182861328,6.918000000000006
8.891676187515259,6.968000000000018
8.950040102005005,7.0190000000000055
9.011921167373657,7.069000000000017
9.081518173217773,7.1200000000000045
9.155045986175537,7.170000000000016
9.222222089767456,7.221000000000004
9.284433126449585,7.271000000000015
9.351794958114624,7.322000000000003
9.425004005432129,7.372000000000014
9.475130081176758,7.423000000000002
9.549919128417969,7.473000000000013
9.617356061935425,7.524000000000001
9.67325210571289,7.574000000000012
9.73544716835022,7.624000000000024
9.79943299293518,7.675000000000011
9.87051796913147,7.725000000000023
9.9374361038208,7.7760000000000105
10.00280499458313,7.826000000000022
10.055267095565796,7.8770000000000095
10.120754957199097,7.927000000000021
10.18870997428894,7.978000000000009
10.257977962493896,8.02800000000002
10.332077026367188,8.079000000000008
10.39483904838562,8.129000000000019
10.468926191329956,8.180000000000007
10.53995418548584,8.230000000000018
10.601988077163696,8.281000000000006
10.661273956298828,8.331000000000017
10.727004051208496,8.382000000000005
10.792123079299927,8.432000000000016
10.856844186782837,8.483000000000004
10.92821717262268,8.533999999999992
10.99529218673706,8.584000000000003
11.048321008682251,8.634000000000015
11.117541074752808,8.685000000000002
11.178593158721924,8.735000000000014
11.239731073379517,8.786000000000001
11.31780219078064,8.836000000000013
11.375394105911255,8.887
11.440026044845581,8.937000000000012
11.505683183670044,8.987000000000023
11.578037023544312,9.038000000000011
11.639770030975342,9.088000000000022
11.699733972549438,9.13900000000001
11.767673969268799,9.189000000000021
11.82744312286377,9.240000000000009
11.893831968307495,9.29000000000002
11.954324960708618,9.341000000000008
12.023445129394531,9.39100000000002
12.086992979049683,9.442000000000007
12.152040004730225,9.492000000000019
12.223047018051147,9.543000000000006
12.28788709640503,9.593000000000018
12.343400955200195,9.644000000000005
12.413203001022339,9.694000000000017
12.480226993560791,9.745000000000005
12.540466070175171,9.795000000000016
12.596853017807007,9.846000000000004
12.659924030303955,9.896000000000015
12.712432146072388,9.947000000000003
12.78453803062439,9.997000000000014
12.838587999343872,10.048000000000002
12.898607015609741,10.098000000000013
12.958544969558716,10.149000000000001
13.015351057052612,10.199000000000012
13.076373100280762,10.249000000000024
13.145259141921997,10.300000000000011
13.205640077590942,10.350000000000023
13.273245096206665,10.40100000000001
13.347157955169678,10.451000000000022
13.416665077209473,10.50200000000001
13.4760160446167,10.552000000000021
13.551107168197632,10.603000000000009
13.609738111495972,10.65300000000002
13.6651451587677,10.704000000000008
13.73191499710083,10.754000000000019
13.8093900680542,10.805000000000007
13.86761212348938,10.855000000000018
13.935930013656616,10.906000000000006
13.990333080291748,10.956000000000017
14.056298017501831,11.007000000000005
14.128489017486572,11.057000000000016
14.209441184997559,11.108000000000004
14.275243997573853,11.158000000000015
14.323713064193726,11.209000000000003
14.392538070678711,11.259000000000015
14.456675052642822,11.310000000000002
14.524168014526367,11.360000000000014
14.6026771068573,11.411000000000001
14.670233964920044,11.461000000000013
14.745468139648438,11.512
14.80947208404541,11.562000000000012
14.864264965057373,11.612000000000023
14.918884992599487,11.663000000000011
14.985910177230835,11.713000000000022
15.055433988571167,11.76400000000001
15.116162061691284,11.814000000000021
15.185742139816284,11.865000000000009
15.247486114501953,11.91500000000002
15.313760042190552,11.966000000000008
15.376223087310791,12.01600000000002
15.442209959030151,12.067000000000007
15.501262187957764,12.117000000000019
15.567301988601685,12.168000000000006
15.632630109786987,12.218000000000018
15.698448181152344,12.269000000000005
15.761298179626465,12.319000000000017
15.815459966659546,12.370000000000005
15.865514039993286,12.420000000000016
15.916593074798584,12.471000000000004
15.980571985244751,12.521000000000015
16.04877209663391,12.572000000000003
16.11560297012329,12.622000000000014
16.180700063705444,12.673000000000002
16.242048025131226,12.723000000000013
16.301825046539307,12.774000000000001
16.373126983642578,12.824000000000012
16.43691897392273,12.874000000000024
16.509936094284058,12.925000000000011
16.577167987823486,12.975000000000023
16.63815402984619,13.02600000000001
16.70406198501587,13.076000000000022
16.764750003814697,13.12700000000001
16.834277153015137,13.177000000000021
16.896456956863403,13.228000000000009
16.954209089279175,13.27800000000002
17.023308038711548,13.329000000000008
17.085164070129395,13.379000000000019
17.144217014312744,13.430000000000007
17.20161008834839,13.480000000000018
17.284707069396973,13.531000000000006
17.342983961105347,13.581000000000017
17.415524005889893,13.632000000000005
17.482617139816284,13.682000000000016
17.54119300842285,13.733000000000004
17.59308695793152,13.783000000000015
17.677828073501587,13.834000000000003
17.74186396598816,13.884000000000015
17.79981017112732,13.935000000000002
17.86240005493164,13.985000000000014
17.937833070755005,14.036000000000001
17.997004985809326,14.086000000000013
18.056890964508057,14.137
18.114240169525146,14.187000000000012
18.186119079589844,14.237000000000023
18.24829912185669,14.288000000000011
18.310111045837402,14.338000000000022
18.37917399406433,14.38900000000001
18.44067096710205,14.439000000000021
18.502992153167725,14.490000000000009
18.57034397125244,14.54000000000002
18.63937497138977,14.591000000000008
18.70439100265503,14.64100000000002
18.76241898536682,14.692000000000007
18.83103609085083,14.742000000000019
18.88967514038086,14.793000000000006
18.953006982803345,14.843000000000018
19.01437211036682,14.894000000000005
19.083412170410156,14.947000000000003
19.14486813545227,14.997000000000014
19.216256141662598,15.048000000000002
19.274785041809082,15.098000000000013
19.350325107574463,15.149000000000001
19.417876958847046,15.199000000000012
19.48429298400879,15.249000000000024
19.549236059188843,15.300000000000011
19.601149082183838,15.350000000000023
19.67913007736206,15.40100000000001
19.74711513519287,15.451000000000022
19.828205108642578,15.50200000000001
19.89408016204834,15.552000000000021
19.963304042816162,15.603000000000009
20.02520203590393,15.65300000000002
20.094320058822632,15.704000000000008
20.154397010803223,15.754000000000019
20.217442989349365,15.805000000000007
20.285200119018555,15.855000000000018
20.340227127075195,15.906000000000006
20.39260196685791,15.956000000000017
20.469632148742676,16.007000000000005
20.52873396873474,16.057000000000016
20.590686082839966,16.108000000000004
20.656217098236084,16.158000000000015
20.724756002426147,16.209000000000003
20.795998096466064,16.259000000000015
20.857978105545044,16.310000000000002
20.90966796875,16.360000000000014
20.97782802581787,16.411999999999978
21.042958974838257,16.46199999999999
21.10538601875305,16.512
21.157227993011475,16.562000000000012
21.209304094314575,16.612000000000023
21.28737211227417,16.66300000000001
21.357203006744385,16.713000000000022
21.420828104019165,16.76400000000001
21.485774993896484,16.81400000000002
21.546772003173828,16.86500000000001
21.63235116004944,16.91500000000002
21.682154178619385,16.966000000000008
21.752485036849976,17.016999999999996
21.81141209602356,17.067000000000007
21.87254309654236,17.11700000000002
21.95054316520691,17.168000000000006
22.011598110198975,17.218000000000018
22.07268214225769,17.269000000000005
22.144726037979126,17.319000000000017
22.206600189208984,17.370000000000005
22.27787208557129,17.420000000000016
22.34739112854004,17.471000000000004
22.414337158203125,17.521000000000015
22.482051134109497,17.572000000000003
22.546991109848022,17.622000000000014
22.61794114112854,17.673000000000002
22.662803173065186,17.723000000000013
22.73220205307007,17.774
22.790155172348022,17.824000000000012
22.856690168380737,17.874000000000024
22.9183349609375,17.92500000000001
22.993788957595825,17.975000000000023
23.054288148880005,18.02600000000001
23.113933086395264,18.076000000000022
23.178447008132935,18.12700000000001
23.241569995880127,18.17700000000002
23.305922985076904,18.22800000000001
23.365503072738647,18.27800000000002
23.423458099365234,18.329000000000008
23.49363899230957,18.37900000000002
23.561264038085938,18.430000000000007
23.630759954452515,18.480000000000018
23.70581817626953,18.531000000000006
23.765408992767334,18.581000000000017
23.831040143966675,18.632000000000005
23.89300298690796,18.682000000000016
23.95496106147766,18.733000000000004
24.01500105857849,18.783000000000015
24.083171129226685,18.834000000000003
24.147099018096924,18.884000000000015
24.212730169296265,18.935000000000002
24.27823495864868,18.985000000000014
24.346264123916626,19.036
24.410632133483887,19.086000000000013
24.479642152786255,19.137
24.54532814025879,19.187000000000012
24.613379955291748,19.237000000000023
24.675585985183716,19.28800000000001
24.7379150390625,19.338000000000022
24.79451608657837,19.38900000000001
24.860067129135132,19.43900000000002
24.93759298324585,19.49000000000001
25.00170612335205,19.54000000000002
25.052651166915894,19.591000000000008
25.120854139328003,19.64100000000002
25.179720163345337,19.692000000000007
25.24612808227539,19.74200000000002
25.306068181991577,19.793000000000006
25.373043060302734,19.843000000000018
25.43140697479248,19.894000000000005
25.47983407974243,19.944000000000017
25.539775133132935,19.995000000000005
25.59910011291504,20.045000000000016
25.671113967895508,20.096000000000004
25.73341202735901,20.146000000000015
25.794111967086792,20.197000000000003
25.864195108413696,20.247000000000014
25.917237043380737,20.298000000000002
25.97636103630066,20.348000000000013
26.030615091323853,20.399
26.09796404838562,20.449000000000012
26.1704740524292,20.499000000000024
26.243502140045166,20.55000000000001
26.310665130615234,20.600000000000023
26.37363600730896,20.65100000000001
26.440584182739258,20.701000000000022
26.513251066207886,20.75200000000001
26.568644046783447,20.80200000000002
26.637871980667114,20.85300000000001
26.709306001663208,20.90300000000002
26.77213215827942,20.954000000000008
26.8319091796875,21.00400000000002
26.891036987304688,21.055000000000007
26.943793058395386,21.105000000000018
27.00578808784485,21.156000000000006
27.083224058151245,21.206999999999994
27.14088797569275,21.25799999999998
27.209334135055542,21.307999999999993
27.273558139801025,21.358000000000004
27.326794147491455,21.408000000000015
27.411201000213623,21.459000000000003
27.467283964157104,21.509000000000015
27.531386137008667,21.560000000000002
27.592329025268555,21.610000000000014
27.668145179748535,21.661
27.721446990966797,21.711000000000013
27.788467168807983,21.762
27.84249711036682,21.812000000000012
27.911691188812256,21.862000000000023
27.977123022079468,21.91300000000001
28.041632175445557,21.963000000000022
28.11034917831421,22.01400000000001
28.16974401473999,22.06400000000002
28.226768970489502,22.11500000000001
28.290816068649292,22.16500000000002
28.345084190368652,22.216000000000008
28.419519186019897,22.26600000000002
28.473035097122192,22.317000000000007
28.544193983078003,22.36700000000002
28.603209018707275,22.418000000000006
28.667386054992676,22.468000000000018
28.740177154541016,22.519000000000005
28.81045413017273,22.569000000000017
28.86632513999939,22.620000000000005
28.935816049575806,22.670000000000016
29.008321046829224,22.72199999999998
29.072322130203247,22.774
29.130434036254883,22.824000000000012
29.19729709625244,22.874000000000024
29.260493993759155,22.92500000000001
29.336524963378906,22.975000000000023
29.395541191101074,23.02600000000001
29.461584091186523,23.076000000000022
29.54066014289856,23.12700000000001
29.607688188552856,23.17700000000002
29.672275066375732,23.22800000000001
29.746294021606445,23.27800000000002
29.79923415184021,23.329000000000008
29.860963106155396,23.37900000000002
29.92605209350586,23.430000000000007
29.99512505531311,23.480999999999995
30.054984092712402,23.531000000000006
30.121917009353638,23.581000000000017
30.18470001220703,23.632000000000005
30.25011706352234,23.682000000000016
30.31720805168152,23.733000000000004
30.37420415878296,23.783000000000015
30.43925404548645,23.834000000000003
30.50741410255432,23.884000000000015
30.567689180374146,23.935000000000002
30.627372980117798,23.985000000000014
30.687270164489746,24.036
30.74726414680481,24.086000000000013
30.803059101104736,24.137
30.862511157989502,24.187000000000012
30.942227125167847,24.237000000000023
30.999802112579346,24.288999999999987
31.056971073150635,24.339
31.11457109451294,24.389999999999986
31.185765027999878,24.439999999999998
31.26278805732727,24.49000000000001
31.31481409072876,24.54000000000002
31.381205081939697,24.591000000000008
31.445075035095215,24.64100000000002
31.50537109375,24.692000000000007
31.567332983016968,24.74200000000002
31.63980007171631,24.793000000000006
31.7080819606781,24.843000000000018
31.77112913131714,24.894000000000005
31.833224058151245,24.944000000000017
31.893226146697998,24.995000000000005
31.953302145004272,25.045000000000016
32.02629113197327,25.096000000000004
32.0814950466156,25.146000000000015
32.1314001083374,25.197000000000003
32.20457410812378,25.247000000000014
32.26846098899841,25.298000000000002
32.334020137786865,25.348000000000013
32.39386701583862,25.399
32.45410203933716,25.449000000000012
32.52547001838684,25.499000000000024
32.58470702171326,25.55000000000001
32.6438410282135,25.600000000000023
32.71478605270386,25.65100000000001
32.78083300590515,25.701000000000022
32.8473060131073,25.75200000000001
32.91176795959473,25.80200000000002
32.97992300987244,25.85300000000001
33.039621114730835,25.90300000000002
33.09423017501831,25.954000000000008
33.156721115112305,26.00400000000002
33.22824501991272,26.055000000000007
33.292181968688965,26.105000000000018
33.36517405509949,26.156000000000006
33.42569398880005,26.206000000000017
33.484265089035034,26.257000000000005
33.54843306541443,26.307000000000016
33.60740900039673,26.358000000000004
33.665071964263916,26.408000000000015
33.73272705078125,26.459000000000003
33.79786205291748,26.509000000000015
33.86661410331726,26.560000000000002
33.934911012649536,26.610000000000014
33.998600006103516,26.661
34.06941318511963,26.711000000000013
34.123576164245605,26.762
34.18375515937805,26.812000000000012
34.24780607223511,26.862000000000023
34.31289505958557,26.91300000000001
34.3737211227417,26.963000000000022
34.44282007217407,27.01400000000001
34.50098013877869,27.06400000000002
34.5732421875,27.11500000000001
34.63213396072388,27.16500000000002
34.701083183288574,27.216000000000008
34.75613808631897,27.26600000000002
34.82372212409973,27.317000000000007
34.884337186813354,27.36700000000002
34.948168992996216,27.418000000000006
35.00499105453491,27.468000000000018
35.07940411567688,27.519000000000005
35.1392080783844,27.569000000000017
35.19593095779419,27.620000000000005
35.26146197319031,27.670000000000016
35.32687997817993,27.721000000000004
35.39163017272949,27.771000000000015
35.459964990615845,27.822000000000003
35.517749071121216,27.872000000000014
35.583528995513916,27.923000000000002
35.648723125457764,27.973000000000013
35.71677803993225,28.024
35.78806400299072,28.074000000000012
35.844184160232544,28.124000000000024
35.894872188568115,28.17500000000001
35.94689917564392,28.225000000000023
36.01311111450195,28.27600000000001
36.06575918197632,28.326999999999998
36.125044107437134,28.37700000000001
36.19420313835144,28.427999999999997
36.24718904495239,28.47800000000001
36.31763505935669,28.52800000000002
36.383254051208496,28.579000000000008
36.45223307609558,28.62900000000002
36.50729417800903,28.680000000000007
36.57636904716492,28.730000000000018
36.6566960811615,28.781000000000006
36.71143817901611,28.831000000000017
36.78438115119934,28.882000000000005
36.84656500816345,28.932000000000016
36.90989303588867,28.983000000000004
36.98965406417847,29.033000000000015
37.044636964797974,29.084000000000003
37.10882306098938,29.134000000000015
37.168763160705566,29.185000000000002
37.237343072891235,29.235000000000014
37.29881310462952,29.286
37.3668851852417,29.336000000000013
37.43489408493042,29.387
37.49796509742737,29.437000000000012
37.558998107910156,29.487000000000023
37.623090982437134,29.53800000000001
37.68725109100342,29.588000000000022
37.75056004524231,29.63900000000001
37.82561707496643,29.68900000000002
37.88624310493469,29.74000000000001
37.9523241519928,29.79000000000002
38.02146816253662,29.841000000000008
38.08859896659851,29.89100000000002
38.14746809005737,29.942000000000007
38.20055603981018,29.99200000000002
38.26247310638428,30.043000000000006
38.33172917366028,30.093000000000018
38.39899706840515,30.144000000000005
38.45968317985535,30.194000000000017
38.534038066864014,30.245000000000005
38.59959006309509,30.295000000000016
38.65904116630554,30.346000000000004
38.71758198738098,30.396000000000015
38.794260025024414,30.447000000000003
38.85709810256958,30.497000000000014
38.93657112121582,30.548000000000002
38.997719049453735,30.598000000000013
39.06221914291382,30.649
39.13681197166443,30.699000000000012
39.21538496017456,30.749000000000024
39.273460149765015,30.80000000000001
39.33816909790039,30.85300000000001
39.41130995750427,30.90300000000002
39.46308612823486,30.954000000000008
39.52440118789673,31.00400000000002
39.596994161605835,31.055000000000007
39.65158295631409,31.105000000000018
39.72029900550842,31.156000000000006
39.78126811981201,31.206000000000017
39.8396430015564,31.257000000000005
39.9115891456604,31.307000000000016
39.981141090393066,31.358000000000004
40.033650159835815,31.408000000000015
40.08868217468262,31.459000000000003
40.155800104141235,31.509000000000015
40.21826195716858,31.560000000000002
40.275819063186646,31.610000000000014
40.34170699119568,31.661
40.401504039764404,31.711000000000013
40.4685800075531,31.762
40.518985986709595,31.812000000000012
40.59016013145447,31.862000000000023
40.64505314826965,31.91300000000001
40.71938896179199,31.963000000000022
40.79016995429993,32.01400000000001
40.846883058547974,32.06400000000002
40.90391397476196,32.11500000000001
40.973154067993164,32.16500000000002
41.040316104888916,32.21600000000001
41.09858298301697,32.26600000000002
41.15803599357605,32.31700000000001
41.22092795372009,32.36700000000002
41.28921818733215,32.418000000000006
41.361212968826294,32.46800000000002
41.42558002471924,32.519000000000005
41.48961305618286,32.56900000000002
41.553394079208374,32.620000000000005
41.61776614189148,32.670000000000016
41.67973709106445,32.721000000000004
41.747133016586304,32.771000000000015
41.82293105125427,32.822
41.88789510726929,32.872000000000014
41.94935607910156,32.923
42.02257704734802,32.97300000000001
42.08540606498718,33.024
42.14331912994385,33.07400000000001
42.206565141677856,33.124000000000024
42.273585081100464,33.17599999999999
42.33118200302124,33.226
42.417263984680176,33.27600000000001
42.46529698371887,33.32600000000002
42.53332710266113,33.37700000000001
42.59940314292908,33.42700000000002
42.66038513183594,33.47800000000001
42.73091197013855,33.52800000000002
42.80055117607117,33.57900000000001
42.870604038238525,33.62900000000002
42.94570517539978,33.68000000000001
42.999261140823364,33.73000000000002
43.06875801086426,33.781000000000006
43.123000144958496,33.83100000000002
43.18471097946167,33.882000000000005
43.25382113456726,33.932000000000016
43.32488799095154,33.983000000000004
43.39493918418884,34.033000000000015
43.46190595626831,34.084
43.528818130493164,34.134000000000015
43.611473083496094,34.185
43.669923067092896,34.235000000000014
43.74634313583374,34.286
43.80318212509155,34.33600000000001
43.860198974609375,34.387
43.92832708358765,34.43700000000001
43.9939911365509,34.48700000000002
44.05981206893921,34.53800000000001
44.11575102806091,34.58800000000002
44.174391984939575,34.63900000000001
44.24044704437256,34.68900000000002
44.3014931678772,34.74000000000001
44.35953617095947,34.79000000000002
44.424620151519775,34.84100000000001
44.48578906059265,34.89100000000002
44.558758020401,34.942999999999984
44.625892162323,34.992999999999995
44.68777799606323,35.043000000000006
44.7435200214386,35.09300000000002
44.80842709541321,35.144000000000005
44.87859511375427,35.19400000000002
44.94543814659119,35.245000000000005
45.01196098327637,35.295000000000016
45.083083152770996,35.346000000000004
45.14379000663757,35.396000000000015
45.21713304519653,35.447
45.28346800804138,35.497000000000014
45.33836317062378,35.548
45.40170216560364,35.59800000000001
45.45838713645935,35.649
45.5238561630249,35.69900000000001
45.58851099014282,35.749000000000024
45.6559271812439,35.80000000000001
45.711902141571045,35.85000000000002
45.78156304359436,35.90100000000001
45.86153197288513,35.95100000000002
45.917596101760864,36.00200000000001
45.96660017967224,36.05200000000002
46.02565312385559,36.10300000000001
46.07977509498596,36.15300000000002
46.151748180389404,36.20400000000001
46.22280716896057,36.25400000000002
46.28132104873657,36.30500000000001
46.34106206893921,36.35500000000002
46.42289614677429,36.406000000000006
46.48332500457764,36.45600000000002
46.55299496650696,36.507000000000005
46.61287307739258,36.557000000000016
46.69310712814331,36.608000000000004
46.74972200393677,36.658000000000015
46.79963803291321,36.709
46.85811901092529,36.759000000000015
46.91739201545715,36.81
46.980437994003296,36.860000000000014
47.05900812149048,36.911
47.11435604095459,36.96100000000001
47.18068599700928,37.012
47.238507986068726,37.06200000000001
47.29723310470581,37.11200000000002
47.36556601524353,37.16300000000001
47.43258500099182,37.21300000000002
47.49670910835266,37.26400000000001
47.565134048461914,37.315
47.632709980010986,37.36500000000001
47.70752310752869,37.41500000000002
47.77181696891785,37.46600000000001
47.835010051727295,37.51600000000002
47.90503215789795,37.56700000000001
47.9757661819458,37.61700000000002
48.03843116760254,37.668000000000006
48.104005098342896,37.721000000000004
48.16814208030701,37.771000000000015
48.23117017745972,37.822
48.296157121658325,37.872000000000014
48.357208013534546,37.923
48.43128800392151,37.97300000000001
48.49733805656433,38.024
48.557847023010254,38.07400000000001
48.621482133865356,38.124000000000024
48.68575310707092,38.17500000000001
48.761489152908325,38.22500000000002
48.82147407531738,38.27600000000001
48.88143301010132,38.32600000000002
48.95361304283142,38.377999999999986
49.00691103935242,38.428
49.08775615692139,38.47800000000001
49.14763903617859,38.52800000000002
49.20402908325195,38.57900000000001
49.27299904823303,38.62900000000002
49.32686901092529,38.68000000000001
49.39091110229492,38.73000000000002
49.446962118148804,38.781000000000006
49.510953187942505,38.83100000000002
49.579071044921875,38.882000000000005
49.648075103759766,38.932000000000016
49.726399183273315,38.983000000000004
49.77796411514282,39.033000000000015
49.83821702003479,39.084
49.91129398345947,39.134000000000015
49.97135901451111,39.185
50.02811813354492,39.235000000000014
50.09333801269531,39.286
50.15854501724243,39.33600000000001
50.22857713699341,39.387
50.28773808479309,39.43700000000001
50.35062003135681,39.48700000000002
50.41556906700134,39.53800000000001
50.485658168792725,39.58800000000002
50.54966998100281,39.63900000000001
50.60180115699768,39.68900000000002
50.668615102767944,39.74000000000001
50.73493313789368,39.79000000000002
50.802870988845825,39.84100000000001
50.87713313102722,39.89100000000002
50.94192814826965,39.94200000000001
51.0094530582428,39.99200000000002
51.0794939994812,40.043000000000006
51.132323026657104,40.09300000000002
51.19283604621887,40.144000000000005
51.247403144836426,40.19400000000002
51.327203035354614,40.245000000000005
51.37633419036865,40.295000000000016
51.43626308441162,40.346000000000004
51.49608516693115,40.396000000000015
51.55582809448242,40.447
51.61763310432434,40.497000000000014
51.69244718551636,40.548
51.74501013755798,40.59800000000001
51.8205201625824,40.649
51.8820641040802,40.69900000000001
51.935981035232544,40.749000000000024
51.99703502655029,40.80000000000001
52.09329605102539,40.85000000000002
52.14955806732178,40.903999999999996
52.21176218986511,40.95400000000001
52.26784110069275,41.00400000000002
52.34217095375061,41.057000000000016
52.415239095687866,41.108000000000004
52.47408604621887,41.158000000000015
52.54000496864319,41.209
52.60207200050354,41.259000000000015
52.655421018600464,41.31
52.72579002380371,41.360000000000014
52.77819800376892,41.411
52.84746503829956,41.46100000000001
52.91324305534363,41.512
52.97924518585205,41.56200000000001
53.03738212585449,41.61200000000002
53.10004496574402,41.66300000000001
53.16841006278992,41.714
53.230518102645874,41.76400000000001
53.295552015304565,41.81400000000002
53.35332107543945,41.86500000000001
53.42672896385193,41.91500000000002
53.48953914642334,41.96600000000001
53.54089903831482,42.01600000000002
53.62072396278381,42.06700000000001
53.68283200263977,42.11700000000002
53.74487495422363,42.168000000000006
53.80492305755615,42.21800000000002
53.86190104484558,42.269000000000005
53.93261408805847,42.31900000000002
53.988094091415405,42.370000000000005
54.053163051605225,42.420000000000016
54.11365509033203,42.471000000000004
54.17906713485718,42.521000000000015
54.242177963256836,42.572
54.30492901802063,42.622000000000014
54.368293046951294,42.673
54.42839813232422,42.72300000000001
54.48836898803711,42.774
54.5453679561615,42.82400000000001
54.605664014816284,42.874000000000024
54.668622970581055,42.92500000000001
54.72869110107422,42.97500000000002
54.79548716545105,43.02600000000001
54.85973501205444,43.07600000000002
54.918379068374634,43.12700000000001
54.98062205314636,43.17700000000002
55.040168046951294,43.22800000000001
55.11070799827576,43.27800000000002
55.168190002441406,43.32900000000001
55.24287295341492,43.37900000000002
55.30610203742981,43.43000000000001
55.366955041885376,43.48000000000002
55.428258180618286,43.531000000000006
55.48025298118591,43.58100000000002
55.54367804527283,43.632000000000005
55.62119698524475,43.682000000000016
55.68615698814392,43.733000000000004
55.738227128982544,43.783000000000015
55.806252002716064,43.834
55.87526607513428,43.884000000000015
55.9332640171051,43.935
55.98090696334839,43.985000000000014
56.033425092697144,44.036
56.08634805679321,44.08600000000001
56.1535370349884,44.137
56.218626976013184,44.18700000000001
56.281100034713745,44.23700000000002
56.35507416725159,44.28800000000001
56.4186270236969,44.339
56.478371143341064,44.38900000000001
56.55087399482727,44.43900000000002
56.620957136154175,44.49000000000001
56.67986702919006,44.54000000000002
56.748422145843506,44.59100000000001
56.802977085113525,44.64100000000002
56.865915060043335,44.69200000000001
56.93210005760193,44.74200000000002
57.016425132751465,44.793000000000006
57.06848096847534,44.84300000000002
57.127416133880615,44.894000000000005
57.18544602394104,44.94400000000002
57.24212718009949,44.995000000000005
57.30657196044922,45.045000000000016
57.37101602554321,45.09699999999998
57.438064098358154,45.14699999999999
57.49640107154846,45.197
57.55833601951599,45.247000000000014
57.62039017677307,45.298
57.68577599525452,45.34800000000001
57.758504152297974,45.399
57.82666897773743,45.44900000000001
57.886687994003296,45.499000000000024
57.953665018081665,45.55000000000001
58.029428005218506,45.60000000000002
58.08589506149292,45.65100000000001
58.142744064331055,45.70100000000002
58.20297598838806,45.75200000000001
58.27232217788696,45.80200000000002
58.34102416038513,45.85300000000001
58.39505314826965,45.90300000000002
58.46703314781189,45.95400000000001
58.5300350189209,46.00400000000002
58.609068155288696,46.05500000000001
58.66886901855469,46.10500000000002
58.73764705657959,46.156000000000006
58.79024815559387,46.20600000000002
58.86499810218811,46.257000000000005
58.925415992736816,46.307000000000016
58.980321168899536,46.358000000000004
59.04643201828003,46.408000000000015
59.10905313491821,46.459
59.16644597053528,46.509000000000015
59.234469175338745,46.56
59.30251598358154,46.610000000000014
59.36956810951233,46.661
59.43505597114563,46.71100000000001
59.50172209739685,46.762
59.552945137023926,46.81200000000001
59.614726066589355,46.86200000000002
59.67589998245239,46.91300000000001
59.73288607597351,46.964
59.79786014556885,47.014999999999986
59.85287404060364,47.065
59.91474914550781,47.11500000000001
59.985044956207275,47.16500000000002
60.05711317062378,47.21600000000001
60.11403703689575,47.26600000000002
60.16523599624634,47.31700000000001
60.22722506523132,47.36700000000002
60.299638986587524,47.418000000000006
60.36354303359985,47.46800000000002
60.42908501625061,47.519000000000005
60.49239206314087,47.56900000000002
60.54771304130554,47.620000000000005
60.61940312385559,47.670000000000016
60.69445300102234,47.721000000000004
60.75753402709961,47.771000000000015
60.81842398643494,47.822
60.87815308570862,47.872000000000014
60.941681146621704,47.923
61.00209403038025,47.97300000000001
61.073713064193726,48.024
61.12886905670166,48.07400000000001
61.20680117607117,48.124000000000024
61.25991106033325,48.17500000000001
61.32103610038757,48.22500000000002
61.38152098655701,48.27600000000001
61.44097304344177,48.32600000000002
61.49997115135193,48.37700000000001
61.56300902366638,48.42700000000002
61.62495398521423,48.47800000000001
61.697129011154175,48.52800000000002
61.76715016365051,48.57900000000001
61.82818412780762,48.62900000000002
61.89532518386841,48.68000000000001
61.95628213882446,48.73000000000002
62.03341102600098,48.781000000000006
62.0973961353302,48.83100000000002
62.16540718078613,48.882000000000005
62.2452609539032,48.932000000000016
62.296226024627686,48.983000000000004
62.3547260761261,49.033000000000015
62.42135715484619,49.084
62.487313985824585,49.137
62.54579710960388,49.18700000000001
62.61871910095215,49.23700000000002
62.679567098617554,49.28800000000001
62.76467514038086,49.33800000000002
62.82553005218506,49.38900000000001
62.88107895851135,49.44
62.938477993011475,49.49000000000001
63.00462317466736,49.54000000000002
63.07712507247925,49.59100000000001
63.13795518875122,49.64100000000002
63.20820903778076,49.69200000000001
63.26305603981018,49.74200000000002
63.32646298408508,49.793000000000006
63.38830518722534,49.84300000000002
63.458019971847534,49.894000000000005
63.521427154541016,49.94400000000002
63.5863561630249,49.995000000000005
63.650408029556274,50.045000000000016
63.71645903587341,50.096000000000004
63.795812129974365,50.146000000000015
63.85354709625244,50.197
63.92585301399231,50.247000000000014
63.98399114608765,50.298
64.04622006416321,50.34800000000001
64.10997414588928,50.399
64.17881107330322,50.44900000000001
64.245197057724,50.499000000000024
64.30804109573364,50.55000000000001
64.3789291381836,50.60000000000002
64.44201612472534,50.65100000000001
64.51535606384277,50.70100000000002
64.58521819114685,50.75200000000001
64.64113402366638,50.80200000000002
64.70527505874634,50.85300000000001
64.76408910751343,50.90300000000002
64.82635307312012,50.95400000000001
64.88424611091614,51.00400000000002
64.940749168396,51.05500000000001
65.0103530883789,51.10500000000002
65.07836818695068,51.156000000000006
65.13043904304504,51.20600000000002
65.19916605949402,51.257000000000005
65.2585129737854,51.307000000000016
65.31952905654907,51.358000000000004
65.39168095588684,51.408000000000015
65.4606351852417,51.459
65.53279900550842,51.509000000000015
65.60875105857849,51.56
65.66798400878906,51.610000000000014
65.72391414642334,51.661
65.7909619808197,51.71100000000001
65.87096810340881,51.762
65.9349479675293,51.81200000000001
65.98498702049255,51.86200000000002
66.03817510604858,51.91300000000001
66.09102296829224,51.96300000000002
66.15910005569458,52.01400000000001
66.23413395881653,52.06400000000002
66.30197095870972,52.11500000000001
66.3738021850586,52.16500000000002
66.44138717651367,52.21600000000001
66.51017212867737,52.26600000000002
66.58804106712341,52.31700000000001
66.66042518615723,52.36700000000002
66.73871517181396,52.418000000000006
66.81196904182434,52.46800000000002
66.8791561126709,52.519000000000005
66.95151901245117,52.56900000000002
67.02111005783081,52.620000000000005
67.1223361492157,52.670000000000016
67.19185709953308,52.721000000000004
67.25683808326721,52.771000000000015
67.33859896659851,52.822
67.40373516082764,52.872000000000014
67.47097396850586,52.923
67.55017018318176,52.97300000000001
67.62039804458618,53.024
67.70232105255127,53.07400000000001
67.76089096069336,53.124000000000024
67.83118915557861,53.17500000000001
67.89736318588257,53.22500000000002
67.98005700111389,53.27600000000001
68.04846811294556,53.327
68.11667013168335,53.37700000000001
68.18148517608643,53.42700000000002
68.24978804588318,53.47800000000001
68.30753016471863,53.52800000000002
68.37966108322144,53.57900000000001
68.44766116142273,53.62900000000002
68.51573300361633,53.68000000000001
68.58846306800842,53.73000000000002
68.64853501319885,53.781000000000006
68.71975803375244,53.83100000000002
68.79393815994263,53.882000000000005
68.8522469997406,53.932000000000016
68.92233896255493,53.983000000000004
68.99861598014832,54.033000000000015
69.05638408660889,54.084
69.13031601905823,54.134000000000015
69.18611598014832,54.185
69.25131416320801,54.235000000000014
69.31540012359619,54.286
69.38179802894592,54.33600000000001
69.44632005691528,54.387
69.50965309143066,54.43700000000001
69.57835412025452,54.48700000000002
69.65018606185913,54.53800000000001
69.71444702148438,54.589
69.78001999855042,54.63900000000001
69.85319113731384,54.68900000000002
69.93375611305237,54.74000000000001
69.98368811607361,54.79000000000002
70.06141901016235,54.84100000000001
70.11177015304565,54.89100000000002
70.18376517295837,54.94200000000001
70.24535202980042,54.99200000000002
70.30745911598206,55.043000000000006
70.36989307403564,55.09300000000002
70.43798398971558,55.144000000000005
70.50397205352783,55.19400000000002
70.56908297538757,55.245000000000005
70.64408802986145,55.295000000000016
70.71935105323792,55.346000000000004
70.78920316696167,55.396000000000015
70.85049796104431,55.447
70.916738986969,55.497000000000014
70.98231911659241,55.548
71.04645013809204,55.59800000000001
71.11951112747192,55.649
71.18656516075134,55.69999999999999
71.25668215751648,55.75
71.3085720539093,55.80000000000001
71.3845911026001,55.85000000000002
71.45218396186829,55.90100000000001
71.51679015159607,55.952
71.58874297142029,56.002999999999986
71.65096616744995,56.053
71.71780610084534,56.10300000000001
71.79613995552063,56.15300000000002
71.86603903770447,56.20400000000001
71.93001914024353,56.25400000000002
72.01563215255737,56.30500000000001
72.07060718536377,56.355999999999995
72.13169598579407,56.406000000000006
72.1932020187378,56.45600000000002
72.27629208564758,56.507000000000005
72.32781314849854,56.56
72.3925211429596,56.610000000000014
72.4564299583435,56.661
72.52434301376343,56.71100000000001
72.58435797691345,56.762
72.65041518211365,56.81200000000001
72.72255897521973,56.86200000000002
72.78625512123108,56.91300000000001
72.84155511856079,56.96300000000002
72.91101503372192,57.01400000000001
72.98524713516235,57.06400000000002
73.04544806480408,57.11500000000001
73.10360407829285,57.166
73.17284512519836,57.21600000000001
73.23353815078735,57.26600000000002
73.29804015159607,57.31700000000001
73.36792397499084,57.36700000000002
73.43150496482849,57.418000000000006
73.48172807693481,57.46800000000002
73.54720401763916,57.519000000000005
73.62913918495178,57.56900000000002
73.70401000976562,57.620000000000005
73.76319217681885,57.670000000000016
73.82621717453003,57.721000000000004
73.8854501247406,57.771000000000015
73.9473671913147,57.822
74.00566601753235,57.872000000000014
74.06339812278748,57.923
74.13220310211182,57.97300000000001
74.19545698165894,58.024
74.25420713424683,58.07400000000001
74.32352113723755,58.124000000000024
74.3976411819458,58.17500000000001
74.45622396469116,58.22500000000002
74.52225518226624,58.27600000000001
74.59075403213501,58.33499999999998
74.65878796577454,58.38499999999999
74.73081016540527,58.435
74.78795599937439,58.485000000000014
74.85381817817688,58.536
74.91592502593994,58.58600000000001
74.98963403701782,58.637
75.0535500049591,58.68700000000001
75.11106896400452,58.73700000000002
75.1761531829834,58.78800000000001
75.24017095565796,58.83800000000002
75.30621814727783,58.88900000000001
75.37132000923157,58.93900000000002
75.43528413772583,58.99000000000001
75.49424600601196,59.04000000000002
75.56435203552246,59.09100000000001
75.62124395370483,59.14100000000002
75.68416500091553,59.19200000000001
75.74173402786255,59.24200000000002
75.80330300331116,59.293000000000006
75.88670706748962,59.34300000000002
75.94162917137146,59.394000000000005
75.99536895751953,59.44400000000002
76.04874801635742,59.495000000000005
76.11802816390991,59.54599999999999
76.19795417785645,59.596000000000004
76.26958107948303,59.646000000000015
76.32989406585693,59.697
76.39263415336609,59.747000000000014
76.46244716644287,59.798
76.52888917922974,59.84800000000001
76.59105515480042,59.899
76.65511202812195,59.94900000000001
76.7131199836731,59.999000000000024
76.77319407463074,60.05000000000001
76.83635306358337,60.10000000000002
76.9073371887207,60.15100000000001
76.98331904411316,60.20100000000002
77.06643605232239,60.25200000000001
77.12192916870117,60.30200000000002
77.19098901748657,60.35300000000001
77.24854612350464,60.40300000000002
77.3210961818695,60.45400000000001
77.38261103630066,60.50400000000002
77.45888018608093,60.55500000000001
77.51557612419128,60.60500000000002
77.57773804664612,60.656000000000006
77.65519309043884,60.70600000000002
77.71882009506226,60.757000000000005
77.77988815307617,60.807000000000016
77.85386800765991,60.858000000000004
77.9109160900116,60.908000000000015
77.97457814216614,60.959
78.04201817512512,61.009000000000015
78.1051561832428,61.06
78.17022705078125,61.110000000000014
78.23789095878601,61.161
78.30662298202515,61.21100000000001
78.36524415016174,61.262
78.43227005004883,61.31200000000001
78.49915409088135,61.36200000000002
78.56642699241638,61.41300000000001
78.62430000305176,61.46300000000002
78.69749712944031,61.51400000000001
78.76872301101685,61.56400000000002
78.83089399337769,61.61500000000001
78.89865016937256,61.66500000000002
78.95962309837341,61.71600000000001
79.02787804603577,61.76600000000002
79.09172415733337,61.81700000000001
79.14780306816101,61.86700000000002
79.2128210067749,61.918000000000006
79.27686905860901,61.96800000000002
79.3469250202179,62.019000000000005
79.40234208106995,62.06900000000002
79.46341109275818,62.120000000000005
79.52961611747742,62.170000000000016
79.58974409103394,62.221000000000004
79.66112303733826,62.271000000000015
79.71623301506042,62.322
79.78586912155151,62.372000000000014
79.84627318382263,62.423
79.92893505096436,62.47300000000001
80.00971817970276,62.524
80.0611081123352,62.57400000000001
80.12751412391663,62.624000000000024
80.18146896362305,62.67500000000001
80.2467451095581,62.72500000000002
80.3165819644928,62.77600000000001
80.3866491317749,62.82600000000002
80.44863605499268,62.87700000000001
80.51183700561523,62.92700000000002
80.58373403549194,62.97800000000001
80.64976906776428,63.02800000000002
80.72282218933105,63.07900000000001
80.78898000717163,63.12900000000002
80.85390901565552,63.18000000000001
80.93214297294617,63.23000000000002
80.99841809272766,63.281000000000006
81.07563495635986,63.33100000000002
81.13523411750793,63.382000000000005
81.19296002388,63.432000000000016
81.25595498085022,63.483000000000004
81.33134198188782,63.533000000000015
81.38429713249207,63.584
81.45734715461731,63.634000000000015
81.5134379863739,63.685
81.57246708869934,63.735000000000014
81.63654017448425,63.786
81.70931911468506,63.83600000000001
81.77552914619446,63.887
81.83857202529907,63.93700000000001
81.90460109710693,63.98700000000002
81.97266006469727,64.03800000000001
82.04142713546753,64.08800000000002
82.1101861000061,64.13900000000001
82.17600107192993,64.18900000000002
82.25263595581055,64.24000000000001
82.31876802444458,64.29000000000002
82.39406204223633,64.34100000000001
82.46136403083801,64.39100000000002
82.53477501869202,64.44200000000001
82.5976951122284,64.49200000000002
82.65589618682861,64.543
82.72235202789307,64.59300000000002
82.78342795372009,64.644
82.8453459739685,64.69400000000002
82.9112560749054,64.745
82.97571301460266,64.79500000000002
83.04314017295837,64.846
83.09941816329956,64.89600000000002
83.15666508674622,64.947
83.21331095695496,64.99700000000001
83.28656816482544,65.048
83.3476140499115,65.09800000000001
83.41314005851746,65.149
83.46672916412354,65.19900000000001
83.53576803207397,65.24900000000002
83.59490609169006,65.30000000000001
83.6554811000824,65.35000000000002
83.71133613586426,65.40100000000001
83.77858996391296,65.45100000000002
83.83488297462463,65.50299999999999
83.89704418182373,65.555
